date,energy
03/01/2015,42.5
04/01/2015,41.89060906
05/01/2015,43.01935724
06/01/2015,42.61234294
07/01/2015,42.95249264
08/01/2015,43.20231284
09/01/2015,42.57758624
10/01/2015,42.24008168
11/01/2015,42.38164867
12/01/2015,41.57856339
13/01/2015,42.50090977
14/01/2015,41.62043209
15/01/2015,40.90144418
16/01/2015,42.6473418
17/01/2015,43.01441748
18/01/2015,42.11606716
19/01/2015,41.84996703
20/01/2015,41.47358492
21/01/2015,42.59146146
22/01/2015,43.2196911
23/01/2015,43.10001622
24/01/2015,42.90748347
25/01/2015,42.54164169
26/01/2015,42.32365333
27/01/2015,41.65635216
28/01/2015,41.43325628
29/01/2015,41.42957636
30/01/2015,43.74730006
31/01/2015,43.88101334
01/02/2015,42.72449486
02/02/2015,44.74643918
03/02/2015,44.78070693
04/02/2015,42.30587364
05/02/2015,42.15211272
06/02/2015,43.89079179
07/02/2015,42.39571106
08/02/2015,43.10730968
09/02/2015,41.7507822
10/02/2015,42.41836367
11/02/2015,42.27928467
12/02/2015,44.32592859
13/02/2015,44.11702012
14/02/2015,43.45537669
15/02/2015,43.15906624
16/02/2015,45.74135054
17/02/2015,43.90252417
18/02/2015,44.10891194
19/02/2015,44.67078977
20/02/2015,40.95263344
21/02/2015,43.11129081
22/02/2015,43.57848337
23/02/2015,43.37133955
24/02/2015,43.57275892
25/02/2015,42.57518694
26/02/2015,43.88081543
27/02/2015,43.80828834
28/02/2015,44.36278942
01/03/2015,44.27468041
02/03/2015,42.79388425
03/03/2015,42.62165541
04/03/2015,42.99453403
05/03/2015,45.47581905
06/03/2015,43.39708563
07/03/2015,41.65773793
08/03/2015,43.92852048
09/03/2015,44.86918771
10/03/2015,40.87019605
11/03/2015,43.4440336
12/03/2015,42.74263032
13/03/2015,43.03762258
14/03/2015,41.53278085
15/03/2015,42.44057086
16/03/2015,42.03434555
17/03/2015,43.90834506
18/03/2015,42.77983549
19/03/2015,43.37792915
20/03/2015,41.6252442
21/03/2015,44.44997342
22/03/2015,43.05007294
23/03/2015,43.40789334
24/03/2015,43.90206231
25/03/2015,42.8244278
26/03/2015,42.56013999
27/03/2015,44.25544353
28/03/2015,42.92300292
29/03/2015,44.31532135
30/03/2015,43.34698348
31/03/2015,43.02110207
01/04/2015,43.05967598
02/04/2015,43.19420989
03/04/2015,44.20846343
04/04/2015,44.15457994
05/04/2015,43.30065527
06/04/2015,41.96571377
07/04/2015,43.83730941
08/04/2015,43.90833066
09/04/2015,43.53874951
10/04/2015,43.93383308
11/04/2015,43.54205633
12/04/2015,44.8724847
13/04/2015,43.42717455
14/04/2015,42.7453108
15/04/2015,44.92121503
16/04/2015,43.50929176
17/04/2015,43.77063364
18/04/2015,43.15672035
19/04/2015,44.33417361
20/04/2015,43.11892812
21/04/2015,43.92662186
22/04/2015,42.27073997
23/04/2015,44.87992048
24/04/2015,41.78437561
25/04/2015,43.4467895
26/04/2015,42.96079641
27/04/2015,45.63621628
28/04/2015,42.87511245
29/04/2015,42.75029288
30/04/2015,43.45906091
01/05/2015,43.56187726
02/05/2015,42.13131097
03/05/2015,42.61241675
04/05/2015,40.89937472
05/05/2015,44.77511691
06/05/2015,44.16706229
07/05/2015,44.03108594
08/05/2015,41.24341217
09/05/2015,45.05461711
10/05/2015,44.48930194
11/05/2015,43.86843564
12/05/2015,43.00673665
13/05/2015,44.12307004
14/05/2015,45.35542091
15/05/2015,43.20832334
16/05/2015,43.48118913
17/05/2015,44.46578801
18/05/2015,43.20733788
19/05/2015,43.3301689
20/05/2015,43.30141295
21/05/2015,43.53928529
22/05/2015,43.93474598
23/05/2015,43.66672104
24/05/2015,43.9950816
25/05/2015,42.61523225
26/05/2015,45.86140788
27/05/2015,43.66720629
28/05/2015,43.7939241
29/05/2015,45.75675783
30/05/2015,42.9006695
31/05/2015,46.02624811
01/06/2015,44.3442386
02/06/2015,42.47587617
03/06/2015,44.39482828
04/06/2015,44.19965857
05/06/2015,44.1782018
06/06/2015,45.67543301
07/06/2015,44.09927494
08/06/2015,45.58497128
09/06/2015,43.72321724
10/06/2015,44.22823989
11/06/2015,43.39068879
12/06/2015,42.61884249
13/06/2015,43.59273429
14/06/2015,45.04897069
15/06/2015,43.89521375
16/06/2015,46.16070364
17/06/2015,44.55828232
18/06/2015,45.31339411
19/06/2015,45.30590596
20/06/2015,44.82040834
21/06/2015,46.22344014
22/06/2015,43.51416233
23/06/2015,42.74892354
24/06/2015,44.42463871
25/06/2015,43.87666226
26/06/2015,43.9798685
27/06/2015,42.90231324
28/06/2015,42.83508717
29/06/2015,44.11077798
30/06/2015,44.13424938
01/07/2015,44.21026467
02/07/2015,43.59211492
03/07/2015,42.98889195
04/07/2015,42.12085264
05/07/2015,43.69883614
06/07/2015,45.09461874
07/07/2015,45.39164633
08/07/2015,43.86427723
09/07/2015,45.35381828
10/07/2015,44.63424239
11/07/2015,43.74066513
12/07/2015,46.16300449
13/07/2015,44.10862991
14/07/2015,43.11098182
15/07/2015,44.85451468
16/07/2015,43.5233663
17/07/2015,41.99277446
18/07/2015,45.48623496
19/07/2015,45.35366799
20/07/2015,44.34106454
21/07/2015,45.05856075
22/07/2015,43.70124403
23/07/2015,45.23335266
24/07/2015,43.08567582
25/07/2015,43.9058179
26/07/2015,42.91677567
27/07/2015,42.23674584
28/07/2015,44.19672669
29/07/2015,45.78616445
30/07/2015,44.60952344
31/07/2015,44.0982037
01/08/2015,44.77228666
02/08/2015,44.94160557
03/08/2015,43.88036539
04/08/2015,44.44042861
05/08/2015,43.73789126
06/08/2015,44.07566546
07/08/2015,43.72454095
08/08/2015,43.72350938
09/08/2015,44.67516986
10/08/2015,45.91982065
11/08/2015,46.10250336
12/08/2015,44.95223459
13/08/2015,43.52121578
14/08/2015,45.12129542
15/08/2015,43.04539413
16/08/2015,43.65729794
17/08/2015,45.73957961
18/08/2015,43.81560573
19/08/2015,45.51801999
20/08/2015,44.7130062
21/08/2015,45.14003992
22/08/2015,45.65070673
23/08/2015,46.1850662
24/08/2015,48.3072042
25/08/2015,42.51856774
26/08/2015,46.15061385
27/08/2015,45.10737609
28/08/2015,44.50821761
29/08/2015,45.77142519
30/08/2015,44.33786684
31/08/2015,44.24622216
01/09/2015,45.46133514
02/09/2015,44.1960567
03/09/2015,46.46439868
04/09/2015,45.871825
05/09/2015,43.67466589
06/09/2015,45.64857577
07/09/2015,44.61211899
08/09/2015,44.78429037
09/09/2015,45.3380169
10/09/2015,44.11663271
11/09/2015,44.21428153
12/09/2015,45.46591557
13/09/2015,47.0443501
14/09/2015,45.68934917
15/09/2015,45.00598081
16/09/2015,46.52183918
17/09/2015,44.3951507
18/09/2015,46.42431631
19/09/2015,44.98702798
20/09/2015,45.7767115
21/09/2015,43.65560527
22/09/2015,46.8610237
23/09/2015,45.80473227
24/09/2015,45.01959785
25/09/2015,46.19747967
26/09/2015,44.80700249
27/09/2015,45.06404029
28/09/2015,43.89650958
29/09/2015,46.52771948
30/09/2015,45.65718474
01/10/2015,47.15856489
02/10/2015,44.85176723
03/10/2015,46.97626815
04/10/2015,45.02121924
05/10/2015,45.60706646
06/10/2015,44.63813839
07/10/2015,45.32006401
08/10/2015,44.95734568
09/10/2015,45.87589549
10/10/2015,47.4269227
11/10/2015,45.40636641
12/10/2015,46.04081745
13/10/2015,46.32095974
14/10/2015,45.63055539
15/10/2015,44.76623892
16/10/2015,45.09043619
17/10/2015,45.68301037
18/10/2015,43.85844897
19/10/2015,45.93453852
20/10/2015,44.34160456
21/10/2015,46.16759611
22/10/2015,46.49443429
23/10/2015,45.93409534
24/10/2015,45.97444305
26/10/2015,44.95524672
27/10/2015,45.11934905
28/10/2015,45.98255887
29/10/2015,44.91874923
30/10/2015,45.39720784
31/10/2015,45.11051189
01/11/2015,46.29779331
02/11/2015,46.03258926
03/11/2015,43.67499663
04/11/2015,46.94935481
05/11/2015,44.08884128
06/11/2015,46.72001956
07/11/2015,46.20575485
08/11/2015,47.31123015
09/11/2015,47.87453965
10/11/2015,46.10641907
11/11/2015,46.76306561
12/11/2015,46.12243428
13/11/2015,46.20197981
14/11/2015,45.21139968
15/11/2015,45.58462907
16/11/2015,46.14009754
17/11/2015,45.4330635
18/11/2015,46.35979474
19/11/2015,46.23183984
20/11/2015,46.30228511
21/11/2015,45.08072406
22/11/2015,47.47827843
23/11/2015,44.43169879
24/11/2015,46.10184223
25/11/2015,47.66122811
26/11/2015,44.75385192
27/11/2015,46.03750462
28/11/2015,47.12379546
29/11/2015,44.26121323
30/11/2015,46.28109221
01/12/2015,47.16880206
02/12/2015,48.05469463
03/12/2015,47.06815459
04/12/2015,45.61742542
05/12/2015,47.98402252
06/12/2015,46.16649808
07/12/2015,45.2524716
08/12/2015,45.90607308
09/12/2015,43.89149571
10/12/2015,46.50763513
11/12/2015,47.50460145
12/12/2015,44.67310138
13/12/2015,47.07638546
14/12/2015,44.79695243
15/12/2015,46.40422369
16/12/2015,46.51694051
17/12/2015,46.63800245
18/12/2015,45.96142996
19/12/2015,45.45142952
20/12/2015,46.57739398
21/12/2015,46.92919044
22/12/2015,46.19931067
23/12/2015,47.67361362
24/12/2015,46.55963058
25/12/2015,46.4828503
26/12/2015,45.83739579
27/12/2015,46.09060051
28/12/2015,47.22767767
29/12/2015,43.54505666
30/12/2015,45.28340776
31/12/2015,45.23508481
01/01/2016,45.42966318
02/01/2016,45.62284517
03/01/2016,47.86535925
04/01/2016,47.39888146
05/01/2016,47.14358659
06/01/2016,43.97869809
07/01/2016,44.77760193
08/01/2016,46.736947
09/01/2016,45.2277217
10/01/2016,46.9743422
11/01/2016,46.88645601
12/01/2016,47.05115584
13/01/2016,44.63946068
14/01/2016,45.40777592
15/01/2016,44.33620514
16/01/2016,44.87729858
17/01/2016,47.34615917
18/01/2016,46.68804439
19/01/2016,44.99265951
20/01/2016,46.95597372
21/01/2016,46.86151993
22/01/2016,46.76008497
23/01/2016,47.164203
24/01/2016,46.32319129
25/01/2016,43.7908864
26/01/2016,46.44012238
27/01/2016,47.23801589
28/01/2016,45.61487019
29/01/2016,47.71461648
30/01/2016,45.53782006
31/01/2016,46.41432639
01/02/2016,46.02252562
02/02/2016,49.03176255
03/02/2016,45.77731195
04/02/2016,45.80639174
05/02/2016,45.87729679
06/02/2016,46.8282903
07/02/2016,45.16616263
08/02/2016,45.98616611
09/02/2016,47.05330687
10/02/2016,47.36368111
11/02/2016,45.20069987
12/02/2016,45.52872219
13/02/2016,48.86969638
14/02/2016,44.42197282
15/02/2016,45.53273936
16/02/2016,46.52433362
17/02/2016,46.67869357
18/02/2016,45.75248108
19/02/2016,45.98070157
20/02/2016,47.27460307
21/02/2016,45.39129609
22/02/2016,44.59299894
23/02/2016,46.29071864
24/02/2016,48.64541673
25/02/2016,48.47965792
26/02/2016,48.96303311
27/02/2016,45.10007263
28/02/2016,47.75074242
29/02/2016,46.2977085
01/03/2016,47.32291928
02/03/2016,47.52021798
03/03/2016,46.94488846
04/03/2016,46.44455296
05/03/2016,46.31222334
06/03/2016,45.6994451
07/03/2016,47.4214521
08/03/2016,45.69426108
09/03/2016,46.56734989
10/03/2016,46.30091544
11/03/2016,46.66728461
12/03/2016,49.132542
13/03/2016,49.07195465
14/03/2016,46.93744873
15/03/2016,47.61402325
16/03/2016,47.38611201
17/03/2016,46.9186617
18/03/2016,49.44912997
19/03/2016,45.29993926
20/03/2016,47.91904719
21/03/2016,46.97494446
22/03/2016,48.15672846
23/03/2016,47.57077038
24/03/2016,46.07739163
25/03/2016,46.75114197
26/03/2016,46.61174424
27/03/2016,46.78875376
28/03/2016,47.91428772
29/03/2016,48.22092074
30/03/2016,48.31673774
31/03/2016,45.55437875
01/04/2016,46.7016408
02/04/2016,46.05055606
03/04/2016,47.24570816
04/04/2016,46.80240002
05/04/2016,47.63099504
06/04/2016,46.50263635
07/04/2016,47.10399674
08/04/2016,46.28155706
09/04/2016,46.85515075
10/04/2016,48.82721938
11/04/2016,47.52910204
12/04/2016,47.15264389
13/04/2016,47.75576208
14/04/2016,45.20927336
15/04/2016,47.27021075
16/04/2016,46.15264694
17/04/2016,45.79099189
18/04/2016,46.39243109
19/04/2016,48.1542957
20/04/2016,48.55901663
21/04/2016,47.89747162
22/04/2016,47.5476028
23/04/2016,45.89159358
24/04/2016,47.83201353
25/04/2016,47.81293098
26/04/2016,46.41223692
27/04/2016,46.1640301
28/04/2016,46.19332372
29/04/2016,47.88545495
30/04/2016,47.033074
01/05/2016,48.90493622
02/05/2016,47.04227023
03/05/2016,46.71437535
04/05/2016,47.65855621
05/05/2016,46.91545374
06/05/2016,47.05277958
07/05/2016,46.22893326
08/05/2016,47.03468476
09/05/2016,45.91649617
10/05/2016,46.99468714
11/05/2016,47.93674162
12/05/2016,49.36675463
13/05/2016,47.21567841
14/05/2016,48.40889059
15/05/2016,47.97637011
16/05/2016,48.12941684
17/05/2016,46.45519895
18/05/2016,47.58920451
19/05/2016,47.40324147
20/05/2016,48.21798365
21/05/2016,46.45666352
22/05/2016,47.98273106
23/05/2016,47.73333512
24/05/2016,49.30665338
25/05/2016,46.93173222
26/05/2016,47.73156385
27/05/2016,46.5580558
28/05/2016,48.08296996
29/05/2016,47.077557
30/05/2016,47.88836766
31/05/2016,45.65849281
01/06/2016,48.60930924
02/06/2016,47.74485193
03/06/2016,46.88998216
04/06/2016,47.84643597
05/06/2016,48.85159915
06/06/2016,47.19689165
07/06/2016,47.86477942
08/06/2016,48.6129335
09/06/2016,48.510545
10/06/2016,48.56808805
11/06/2016,47.6842141
12/06/2016,50.56331901
13/06/2016,46.94433654
14/06/2016,47.29120198
15/06/2016,49.73224073
16/06/2016,48.16589998
17/06/2016,49.95391931
18/06/2016,48.58041088
19/06/2016,48.10791852
20/06/2016,46.14521006
21/06/2016,47.68018632
22/06/2016,47.44727748
23/06/2016,47.32752492
24/06/2016,47.85712474
25/06/2016,46.72405446
26/06/2016,47.44251391
27/06/2016,48.06179523
28/06/2016,49.71851149
29/06/2016,48.1907188
30/06/2016,47.5737186
01/07/2016,48.09379479
02/07/2016,47.02834049
03/07/2016,49.51330577
04/07/2016,48.03623808
05/07/2016,48.75177042
06/07/2016,47.43435403
07/07/2016,48.79035756
08/07/2016,46.19706487
09/07/2016,47.67872919
10/07/2016,48.9584132
11/07/2016,47.91814169
12/07/2016,46.93629221
13/07/2016,49.10427515
14/07/2016,46.42748795
15/07/2016,47.68747534
16/07/2016,48.69803993
17/07/2016,49.41200519
18/07/2016,45.68420754
19/07/2016,47.74727678
20/07/2016,46.97826654
21/07/2016,47.94665466
22/07/2016,45.54958391
23/07/2016,48.74807213
24/07/2016,48.0188302
25/07/2016,48.77816236
26/07/2016,49.20854069
27/07/2016,47.38851577
28/07/2016,49.8711378
29/07/2016,48.53118954
30/07/2016,48.46622054
31/07/2016,47.16476471
01/08/2016,49.04235945
02/08/2016,46.23562183
03/08/2016,49.49126037
04/08/2016,48.97680794
05/08/2016,47.3851888
06/08/2016,48.53895148
07/08/2016,47.98495835
08/08/2016,48.41514125
09/08/2016,48.38136686
10/08/2016,48.44611219
11/08/2016,50.16660997
12/08/2016,48.46390167
13/08/2016,48.01924291
14/08/2016,47.89183729
15/08/2016,48.39279141
16/08/2016,46.92188668
17/08/2016,47.52793557
18/08/2016,49.42748674
19/08/2016,49.51117011
20/08/2016,47.5955788
21/08/2016,48.25272697
22/08/2016,47.41996289
23/08/2016,47.44759354
24/08/2016,48.33082618
25/08/2016,47.18796272
26/08/2016,46.89882811
27/08/2016,49.59155827
28/08/2016,48.68824723
29/08/2016,48.93271712
30/08/2016,49.16411532
31/08/2016,49.09074643
01/09/2016,49.06126229
02/09/2016,46.23262086
03/09/2016,50.07239591
04/09/2016,47.53623279
05/09/2016,49.54690298
06/09/2016,47.91671882
07/09/2016,47.66294087
08/09/2016,49.31309796
09/09/2016,48.96708494
10/09/2016,48.80509601
11/09/2016,49.14877175
12/09/2016,48.90890317
13/09/2016,46.97924958
14/09/2016,47.90595526
15/09/2016,48.85624927
16/09/2016,48.60269387
17/09/2016,48.03897517
18/09/2016,48.67311586
19/09/2016,48.66369312
20/09/2016,49.36213851
21/09/2016,49.12409471
22/09/2016,48.5782473
23/09/2016,48.22359173
24/09/2016,49.26200518
25/09/2016,48.96718515
26/09/2016,50.59225048
27/09/2016,48.82738577
28/09/2016,50.2192266
29/09/2016,50.61154072
30/09/2016,49.5544661
01/10/2016,48.07736927
02/10/2016,49.61811171
03/10/2016,48.7890843
04/10/2016,48.60582051
05/10/2016,50.29711684
06/10/2016,49.56842095
07/10/2016,48.62960602
08/10/2016,46.65739558
09/10/2016,48.08685273
10/10/2016,47.75468666
11/10/2016,48.40909086
12/10/2016,49.00543971
13/10/2016,47.95339232
14/10/2016,49.22679091
15/10/2016,49.892228
16/10/2016,49.91563083
17/10/2016,48.8875837
18/10/2016,47.93470663
19/10/2016,48.67661795
20/10/2016,49.82127663
21/10/2016,48.20041732
22/10/2016,49.98367063
23/10/2016,48.85748016
24/10/2016,49.75369793
25/10/2016,50.64479793
26/10/2016,46.93306967
27/10/2016,48.42903753
28/10/2016,50.58250932
29/10/2016,47.85738465
31/10/2016,47.57241774
01/11/2016,48.70867853
02/11/2016,48.08081938
03/11/2016,47.58177278
04/11/2016,49.36789104
05/11/2016,49.38626988
06/11/2016,50.40794803
07/11/2016,48.53891468
08/11/2016,48.65532354
09/11/2016,50.18099995
10/11/2016,50.31907808
11/11/2016,47.54529914
12/11/2016,51.68384319
13/11/2016,47.7700572
14/11/2016,48.61223284
15/11/2016,50.60818981
16/11/2016,47.93452049
17/11/2016,48.29632206
18/11/2016,49.82357691
19/11/2016,49.98987078
20/11/2016,49.34436456
21/11/2016,48.03095894
22/11/2016,48.62075618
23/11/2016,49.27494706
24/11/2016,49.50338905
25/11/2016,49.15351861
26/11/2016,48.71183985
27/11/2016,48.46311544
28/11/2016,48.61422394
29/11/2016,48.84745274
30/11/2016,50.65034791
01/12/2016,50.58955033
02/12/2016,49.05596743
03/12/2016,47.91799999
04/12/2016,49.47763665
05/12/2016,47.19371514
06/12/2016,50.88796321
07/12/2016,51.78959582
08/12/2016,50.98281581
09/12/2016,50.3115187
10/12/2016,49.47876143
11/12/2016,49.31581403
12/12/2016,49.31616604
13/12/2016,49.63328017
14/12/2016,50.01017722
15/12/2016,50.03670629
16/12/2016,50.21239464
17/12/2016,50.72351602
18/12/2016,48.23186612
19/12/2016,49.6026091
20/12/2016,49.86362761
21/12/2016,49.48486498
22/12/2016,48.68883153
23/12/2016,50.44670036
24/12/2016,50.56247842
25/12/2016,47.93820522
26/12/2016,50.21653148
27/12/2016,50.43805328
28/12/2016,49.39296189
29/12/2016,49.45501069
30/12/2016,50.89447774
31/12/2016,50.52248352
01/01/2017,50.95489061
02/01/2017,49.07020667
03/01/2017,49.8673132
04/01/2017,51.41667355
05/01/2017,49.84741241
06/01/2017,50.82204289
07/01/2017,50.6455692
08/01/2017,50.30041176
09/01/2017,50.4753552
10/01/2017,48.61305801
11/01/2017,49.27629835
12/01/2017,49.13231737
13/01/2017,49.91957216
14/01/2017,50.34269307
15/01/2017,51.53494665
16/01/2017,47.92752404
17/01/2017,48.6565049
18/01/2017,48.95961392
19/01/2017,48.08850535
20/01/2017,51.37806563
21/01/2017,50.29289027
22/01/2017,48.1314921
23/01/2017,49.59282554
24/01/2017,49.17447576
25/01/2017,52.17211149
26/01/2017,50.91059013
27/01/2017,48.80175866
28/01/2017,50.26514606
29/01/2017,51.53337368
30/01/2017,50.25810192
31/01/2017,49.32987932
01/02/2017,48.40227813
02/02/2017,49.47761696
03/02/2017,50.53562453
04/02/2017,50.94228026
05/02/2017,48.90127867
06/02/2017,50.34498247
07/02/2017,49.99461654
08/02/2017,50.97443499
09/02/2017,51.52951383
10/02/2017,50.87797444
11/02/2017,51.15823755
12/02/2017,48.15407816
13/02/2017,48.80346288
14/02/2017,50.03384905
15/02/2017,50.09982727
16/02/2017,51.31971906
17/02/2017,50.81605256
18/02/2017,49.40794141
19/02/2017,49.98796725
20/02/2017,50.59716372
21/02/2017,50.93980828
22/02/2017,50.11177642
23/02/2017,50.32936483
24/02/2017,50.37532705
25/02/2017,50.33936944
26/02/2017,49.72616409
27/02/2017,49.97326377
28/02/2017,50.00471271
01/03/2017,51.98075546
02/03/2017,49.72393312
03/03/2017,49.53874594
04/03/2017,50.07099917
05/03/2017,50.11237103
06/03/2017,49.98787574
07/03/2017,50.22340325
08/03/2017,49.89782748
09/03/2017,52.22341356
10/03/2017,49.23524466
11/03/2017,49.88567481
12/03/2017,50.73435797
13/03/2017,50.95559165
14/03/2017,49.94205615
15/03/2017,52.86912963
16/03/2017,48.99233544
17/03/2017,49.71007515
18/03/2017,51.35341201
19/03/2017,49.82600577
20/03/2017,50.46303135
21/03/2017,49.77543338
22/03/2017,51.85880778
23/03/2017,47.95928424
24/03/2017,50.86334024
25/03/2017,50.9960787
26/03/2017,49.35607308
27/03/2017,50.99517456
28/03/2017,49.37181492
29/03/2017,52.08147084
30/03/2017,49.18742357
31/03/2017,52.67675253
01/04/2017,50.36431695
02/04/2017,51.22141777
03/04/2017,50.00011364
04/04/2017,51.03154821
05/04/2017,49.34549673
06/04/2017,50.96616304
07/04/2017,52.11868551
08/04/2017,51.59870587
09/04/2017,50.00532368
10/04/2017,50.92740923
11/04/2017,50.74098499
12/04/2017,51.46513397
13/04/2017,49.0318338
14/04/2017,52.11440848
15/04/2017,49.82946007
16/04/2017,50.8683767
17/04/2017,50.04891731
18/04/2017,49.88122203
19/04/2017,51.0233328
20/04/2017,50.90850205
21/04/2017,50.43667957
22/04/2017,50.22283914
23/04/2017,50.84744163
24/04/2017,51.49014698
25/04/2017,49.96033179
26/04/2017,51.87435001
27/04/2017,49.38444739
28/04/2017,49.98027682
29/04/2017,49.57230103
30/04/2017,52.57591267
01/05/2017,50.57950134
02/05/2017,50.58440208
03/05/2017,51.40405545
04/05/2017,50.48586903
05/05/2017,51.84842974
06/05/2017,49.49379629
07/05/2017,51.60641844
08/05/2017,51.29702252
09/05/2017,48.97014245
10/05/2017,50.06970575
11/05/2017,50.11540732
12/05/2017,51.98576559
13/05/2017,50.22468562
14/05/2017,52.26579908
15/05/2017,51.7669074
16/05/2017,51.07854688
17/05/2017,50.90016005
18/05/2017,52.46122796
19/05/2017,50.89727489
20/05/2017,53.0468825
21/05/2017,51.85922811
22/05/2017,50.90424456
23/05/2017,51.62527943
24/05/2017,51.3289191
25/05/2017,51.0196659
26/05/2017,50.53877176
27/05/2017,51.82025749
28/05/2017,51.74037134
29/05/2017,50.93067069
30/05/2017,50.98060507
31/05/2017,53.46455467
01/06/2017,50.00613589
02/06/2017,52.0075713
03/06/2017,52.90597166
04/06/2017,50.91398438
05/06/2017,50.92777232
06/06/2017,51.48593782
07/06/2017,52.72193475
08/06/2017,51.61100766
09/06/2017,52.9694931
10/06/2017,50.41071932
11/06/2017,50.654303
12/06/2017,52.04899918
13/06/2017,51.82686756
14/06/2017,51.12641438
15/06/2017,51.00458881
16/06/2017,52.18336031
17/06/2017,51.96803873
18/06/2017,52.59805082
19/06/2017,50.83886035
20/06/2017,51.4057622
21/06/2017,50.73973754
22/06/2017,50.81835173
23/06/2017,52.59556099
24/06/2017,51.75636102
25/06/2017,51.4045921
26/06/2017,51.13019034
27/06/2017,54.16295917
28/06/2017,51.40385188
29/06/2017,51.76922047
30/06/2017,51.38659101
01/07/2017,51.14273949
02/07/2017,50.00598163
03/07/2017,51.7951242
04/07/2017,49.30545142
05/07/2017,51.03826223
06/07/2017,52.50306082
07/07/2017,53.27118527
08/07/2017,51.91544286
09/07/2017,53.46787924
10/07/2017,51.96398161
11/07/2017,52.19251188
12/07/2017,52.38033821
13/07/2017,50.7251306
14/07/2017,52.45796948
15/07/2017,51.96287634
16/07/2017,50.49159455
17/07/2017,52.42747537
18/07/2017,52.56479229
19/07/2017,49.78555828
20/07/2017,52.53350801
21/07/2017,52.37076913
22/07/2017,51.9408202
23/07/2017,50.39653487
24/07/2017,51.71297224
25/07/2017,51.01659977
26/07/2017,50.47018355
27/07/2017,50.11114682
28/07/2017,52.96618996
29/07/2017,49.45984678
30/07/2017,50.80402163
31/07/2017,53.61555233
01/08/2017,51.68615002
02/08/2017,51.7332976
03/08/2017,50.79925402
04/08/2017,51.87064052
05/08/2017,51.22019252
06/08/2017,51.86341033
07/08/2017,50.32810041
08/08/2017,53.20514945
09/08/2017,51.23287664
10/08/2017,51.29789143
11/08/2017,51.20259044
12/08/2017,53.52604187
13/08/2017,50.93021276
14/08/2017,52.52062579
15/08/2017,51.39443591
16/08/2017,50.04021811
17/08/2017,51.28731698
18/08/2017,49.54397173
19/08/2017,52.07516854
20/08/2017,53.31166378
21/08/2017,52.98129557
22/08/2017,51.56567351
23/08/2017,51.78069551
24/08/2017,51.643729
25/08/2017,51.67001043
26/08/2017,49.95051261
27/08/2017,54.54086434
28/08/2017,51.24511085
29/08/2017,53.33219554
30/08/2017,51.7399667
31/08/2017,52.78581659
01/09/2017,52.74056071
02/09/2017,51.40344769
03/09/2017,52.59698058
04/09/2017,49.76376839
05/09/2017,53.8148961
06/09/2017,51.23415759
07/09/2017,52.91066446
08/09/2017,53.50069221
09/09/2017,52.29471991
10/09/2017,52.14749951
11/09/2017,51.39863465
12/09/2017,52.08377102
13/09/2017,51.60288911
14/09/2017,49.97898492
15/09/2017,52.2502471
16/09/2017,50.94712253
17/09/2017,53.27376279
18/09/2017,52.35508335
19/09/2017,51.6112881
20/09/2017,53.49038348
21/09/2017,51.71224115
22/09/2017,53.63363878
23/09/2017,51.09928746
24/09/2017,50.91055728
25/09/2017,52.08084059
26/09/2017,52.87212579
27/09/2017,52.65359295
28/09/2017,50.46539187
29/09/2017,52.26528428
30/09/2017,51.68726206
01/10/2017,54.42771736
02/10/2017,50.72516111
03/10/2017,53.09888231
04/10/2017,51.89641253
05/10/2017,51.8585431
06/10/2017,53.09460454
07/10/2017,53.61559792
08/10/2017,52.22002714
09/10/2017,52.99139975
10/10/2017,50.35751017
11/10/2017,53.55043295
12/10/2017,52.28348748
13/10/2017,52.7922924
14/10/2017,51.88838837
15/10/2017,52.63291198
16/10/2017,52.34110746
17/10/2017,49.19167369
18/10/2017,51.1805556
19/10/2017,51.83354119
20/10/2017,53.69006891
21/10/2017,53.33054326
22/10/2017,52.43464754
23/10/2017,54.92869144
24/10/2017,51.69005447
25/10/2017,51.97784075
26/10/2017,51.97300663
27/10/2017,51.84277412
28/10/2017,55.40165442
30/10/2017,53.51529744
31/10/2017,53.94521347
01/11/2017,52.68835885
02/11/2017,52.7178527
03/11/2017,51.92795149
04/11/2017,53.47428314
05/11/2017,53.37121989
06/11/2017,52.57387845
07/11/2017,53.78264907
08/11/2017,52.78419973
10/11/2017,53.42831367
11/11/2017,54.31969477
12/11/2017,54.62605564
13/11/2017,54.49899912
14/11/2017,53.98912632
15/11/2017,53.41053546
16/11/2017,53.20349261
17/11/2017,55.78937319
18/11/2017,52.21774966
19/11/2017,53.31432879
20/11/2017,52.36028841
21/11/2017,51.97260904
22/11/2017,53.1091889
23/11/2017,54.02663958
24/11/2017,53.20098761
25/11/2017,53.04418343
26/11/2017,52.60713808
27/11/2017,53.32830149
28/11/2017,51.45115759
29/11/2017,52.75982772
30/11/2017,53.50750744
01/12/2017,53.50564787
02/12/2017,54.29420671
03/12/2017,53.83719167
04/12/2017,53.57834053
05/12/2017,52.07791111
06/12/2017,53.37347538
07/12/2017,53.2519133
08/12/2017,52.35544204
09/12/2017,53.11672768
10/12/2017,52.60105169
11/12/2017,52.99311025
12/12/2017,52.93495663
13/12/2017,52.47114678
14/12/2017,52.83372275
15/12/2017,53.52283554
16/12/2017,53.42073137
17/12/2017,53.05119643
18/12/2017,52.83784156
19/12/2017,55.02572604
20/12/2017,52.47918667
21/12/2017,53.47838288
22/12/2017,53.79870261
23/12/2017,54.51678169
24/12/2017,53.33872169
25/12/2017,52.02131366
26/12/2017,53.42696996
27/12/2017,54.28795112
28/12/2017,53.57400411
29/12/2017,51.85846441
30/12/2017,53.27946765
31/12/2017,53.61157434
01/01/2018,53.68914015
02/01/2018,53.53475861
03/01/2018,52.53016072
04/01/2018,54.53024419
05/01/2018,56.34252514
06/01/2018,54.22098294
07/01/2018,53.32393667
08/01/2018,54.22617227
09/01/2018,55.5401755
10/01/2018,54.09171482
11/01/2018,53.80677097
12/01/2018,54.05361812
13/01/2018,53.62750985
14/01/2018,53.78038365
15/01/2018,53.9107304
16/01/2018,53.03295064
17/01/2018,52.94996809
18/01/2018,52.86413293
19/01/2018,54.10276367
20/01/2018,53.38824945
21/01/2018,52.35527189
22/01/2018,53.21192247
23/01/2018,52.82284139
24/01/2018,51.2307398
25/01/2018,53.42733378
26/01/2018,54.19740081
27/01/2018,54.18327703
28/01/2018,51.68654764
29/01/2018,52.01520886
30/01/2018,52.8352683
31/01/2018,53.69795675
01/02/2018,53.43014868
02/02/2018,54.36479883
03/02/2018,53.53489258
04/02/2018,54.58325797
05/02/2018,53.9916008
06/02/2018,53.62239782
07/02/2018,54.00908981
08/02/2018,51.71626588
09/02/2018,53.97136232
10/02/2018,54.41475223
11/02/2018,52.48910921
12/02/2018,53.66923741
13/02/2018,55.21847695
14/02/2018,53.70329905
15/02/2018,53.94410793
16/02/2018,54.24653484
17/02/2018,54.52593299
18/02/2018,53.2526935
19/02/2018,54.3793731
20/02/2018,53.61068611
21/02/2018,54.88433664
22/02/2018,55.44011856
23/02/2018,53.2587989
24/02/2018,52.06935417
25/02/2018,53.7999989
26/02/2018,53.72754056
27/02/2018,55.78843228
28/02/2018,54.1129746
01/03/2018,54.4792943
02/03/2018,53.47517603
03/03/2018,53.97951011
04/03/2018,53.2373167
05/03/2018,54.87586042
06/03/2018,55.5525288
07/03/2018,54.25210243
08/03/2018,53.04813629
09/03/2018,54.20632729
10/03/2018,53.4092918
11/03/2018,55.65851193
12/03/2018,53.66617771
13/03/2018,55.70880368
14/03/2018,52.78847238
15/03/2018,53.29019835
16/03/2018,54.37301756
17/03/2018,53.10833586
18/03/2018,54.54876731
19/03/2018,52.14125704
20/03/2018,52.51290108
21/03/2018,53.99527582
22/03/2018,54.05892582
23/03/2018,55.21360181
24/03/2018,55.02844881
25/03/2018,53.45993608
26/03/2018,54.78629886
27/03/2018,54.57877724
28/03/2018,54.40516778
29/03/2018,55.09695567
30/03/2018,52.83852113
31/03/2018,55.11190025
01/04/2018,53.5239123
02/04/2018,53.81718864
03/04/2018,53.65665599
04/04/2018,54.56956308
05/04/2018,52.84033609
06/04/2018,55.46847214
07/04/2018,54.02080841
08/04/2018,53.20762771
09/04/2018,53.65725406
10/04/2018,56.47690934
11/04/2018,53.5004467
12/04/2018,53.84795492
13/04/2018,54.34211444
14/04/2018,54.11185575
15/04/2018,52.42447819
16/04/2018,55.60886112
17/04/2018,53.12030375
18/04/2018,56.48654594
19/04/2018,54.12803855
20/04/2018,54.18062278
21/04/2018,55.57791429
22/04/2018,53.9348852
23/04/2018,54.48178608
24/04/2018,53.83157536
25/04/2018,56.29460329
26/04/2018,54.87155617
27/04/2018,55.50346204
28/04/2018,55.0313842
29/04/2018,53.75167522
30/04/2018,53.43454884
01/05/2018,54.7092372
02/05/2018,55.1521529
03/05/2018,53.28706059
04/05/2018,54.83003459
05/05/2018,54.36071715
06/05/2018,56.8634217
07/05/2018,54.5497178
08/05/2018,56.60833305
09/05/2018,54.0819059
10/05/2018,54.95598654
11/05/2018,56.05836801
12/05/2018,52.99353525
13/05/2018,55.29704827
14/05/2018,55.284252
15/05/2018,56.30702825
16/05/2018,54.93778443
17/05/2018,54.44470719
18/05/2018,54.25028995
19/05/2018,53.97175705
20/05/2018,55.62411048
21/05/2018,53.3284333
22/05/2018,57.35952226
23/05/2018,53.93820428
24/05/2018,55.66734138
25/05/2018,55.09105469
26/05/2018,55.01624278
27/05/2018,55.06000328
28/05/2018,56.84710069
29/05/2018,55.21679048
30/05/2018,55.04156065
31/05/2018,56.0463449
01/06/2018,56.24297167
02/06/2018,55.50024745
03/06/2018,56.22973625
04/06/2018,54.27125487
05/06/2018,55.51741685
06/06/2018,55.36755432
07/06/2018,53.81900281
08/06/2018,56.63619561
09/06/2018,56.03661879
10/06/2018,56.04088211
11/06/2018,54.42243995
12/06/2018,54.61250653
13/06/2018,54.98098829
14/06/2018,55.00379945
15/06/2018,54.68472949
16/06/2018,56.33981271
17/06/2018,57.17390012
18/06/2018,52.70414371
19/06/2018,54.60642956
20/06/2018,55.76834791
21/06/2018,54.64182957
22/06/2018,54.67286757
23/06/2018,56.88470511
24/06/2018,54.41255611
25/06/2018,54.12697506
26/06/2018,54.19783916
27/06/2018,56.17630705
28/06/2018,55.83502683
29/06/2018,56.46649073
30/06/2018,54.8253978
01/07/2018,55.98100463
02/07/2018,54.6987893
03/07/2018,54.68857047
04/07/2018,55.41580154
05/07/2018,55.87398738
06/07/2018,55.49776363
07/07/2018,56.18697696
08/07/2018,54.60739216
09/07/2018,54.4885572
10/07/2018,55.55790341
11/07/2018,55.44089187
12/07/2018,54.95475721
13/07/2018,54.75009931
14/07/2018,57.33201087
15/07/2018,55.39053574
16/07/2018,57.39607314
17/07/2018,55.62226175
18/07/2018,54.95795124
19/07/2018,55.04710148
20/07/2018,55.83216719
21/07/2018,54.3402025
22/07/2018,56.83591182
23/07/2018,56.55682076
24/07/2018,54.56621542
25/07/2018,55.27051083
26/07/2018,54.55224371
27/07/2018,55.0000825
28/07/2018,55.99125493
29/07/2018,55.53181423
30/07/2018,55.77716297
31/07/2018,55.7102041
01/08/2018,54.65005728
02/08/2018,55.40541191
03/08/2018,54.36460171
04/08/2018,55.38880399
05/08/2018,54.77529234
06/08/2018,56.82960799
07/08/2018,56.7469868
08/08/2018,55.91229423
09/08/2018,56.56472848
10/08/2018,55.3160875
11/08/2018,56.32753504
12/08/2018,55.13488933
13/08/2018,54.87472696
14/08/2018,57.50429039
15/08/2018,57.43771515
16/08/2018,55.78873056
17/08/2018,56.43116762
18/08/2018,55.27197465
19/08/2018,56.32932099
20/08/2018,56.40227074
21/08/2018,56.34296302
22/08/2018,56.7122963
23/08/2018,54.7537374
24/08/2018,57.00888858
25/08/2018,55.72540042
26/08/2018,55.63928087
27/08/2018,55.44591365
28/08/2018,56.90211157
29/08/2018,56.2153383
30/08/2018,54.77577473
31/08/2018,56.06316876
01/09/2018,55.62407976
02/09/2018,54.59661186
03/09/2018,54.94843002
04/09/2018,54.30059236
05/09/2018,55.93172679
06/09/2018,54.73662847
07/09/2018,55.08241337
08/09/2018,55.81280125
09/09/2018,55.75531283
10/09/2018,54.16028319
11/09/2018,57.46236475
12/09/2018,56.16218954
13/09/2018,56.85527351
14/09/2018,55.98292294
15/09/2018,54.89954634
16/09/2018,55.20905477
17/09/2018,54.75437662
18/09/2018,56.69282918
19/09/2018,54.87502375
20/09/2018,58.59092742
21/09/2018,55.6945745
22/09/2018,56.08996642
23/09/2018,56.19568431
24/09/2018,55.15088817
25/09/2018,57.13939884
26/09/2018,56.77505404
27/09/2018,56.50588548
28/09/2018,55.11191102
29/09/2018,54.74137041
30/09/2018,55.58544246
01/10/2018,55.94332068
02/10/2018,56.60941494
03/10/2018,53.25884036
04/10/2018,56.22295781
05/10/2018,56.04700928
06/10/2018,57.49541179
07/10/2018,55.77255688
08/10/2018,56.47850897
09/10/2018,55.48949056
10/10/2018,55.76590617
11/10/2018,57.65090574
12/10/2018,56.56697781
13/10/2018,56.31330224
14/10/2018,55.78089679
15/10/2018,54.12782539
16/10/2018,56.65119495
17/10/2018,55.05563151
18/10/2018,56.51490234
19/10/2018,56.98420738
20/10/2018,55.80763593
21/10/2018,54.50394467
22/10/2018,54.52432228
23/10/2018,55.61956098
24/10/2018,56.95329669
25/10/2018,54.5993754
26/10/2018,56.67582255
27/10/2018,57.31934907
28/10/2018,55.17994441
29/10/2018,56.61300418
30/10/2018,57.8166434
31/10/2018,54.56606455
01/11/2018,56.00388685
02/11/2018,56.04510934
03/11/2018,56.38576289
04/11/2018,55.56851738
05/11/2018,57.24210293
06/11/2018,56.25526552
07/11/2018,55.98163977
08/11/2018,57.73769394
09/11/2018,56.43296352
10/11/2018,55.3852565
11/11/2018,55.42548577
12/11/2018,57.15550791
13/11/2018,57.57678926
14/11/2018,56.64260738
15/11/2018,55.60744927
16/11/2018,59.46438928
17/11/2018,56.83877285
18/11/2018,57.14515958
19/11/2018,56.22402334
20/11/2018,54.98647046
21/11/2018,56.29527301
22/11/2018,55.90173099
23/11/2018,55.78828737
24/11/2018,56.61128382
25/11/2018,57.97397023
26/11/2018,56.09600516
27/11/2018,55.71618889
28/11/2018,57.43516854
29/11/2018,57.01624501
30/11/2018,55.79046362
01/12/2018,55.35191085
02/12/2018,58.11545309
03/12/2018,58.62089582
04/12/2018,56.9609849
05/12/2018,57.92377657
06/12/2018,55.93679406
07/12/2018,57.46691761
08/12/2018,58.05747329
09/12/2018,56.60708207
10/12/2018,55.39034025
11/12/2018,58.61193819
12/12/2018,56.95453471
13/12/2018,55.05619369
14/12/2018,56.7900735
15/12/2018,57.20291345
16/12/2018,57.03364198
18/12/2018,56.33444992
19/12/2018,59.19686171
20/12/2018,57.60576231
21/12/2018,57.62512326
22/12/2018,56.676044
23/12/2018,55.49634764
24/12/2018,56.83717398
25/12/2018,55.79747684
26/12/2018,55.75535125
27/12/2018,57.34629095
28/12/2018,56.04470126
29/12/2018,59.22768335
30/12/2018,56.44136138
31/12/2018,56.22660672
01/01/2019,58.04995821
02/01/2019,56.65638112
03/01/2019,58.32127855
04/01/2019,57.53918164
05/01/2019,56.71966164
06/01/2019,56.09875173
07/01/2019,58.61748515
08/01/2019,56.8781877
09/01/2019,56.4930072
10/01/2019,57.65244764
11/01/2019,57.33878927
12/01/2019,56.76906063
13/01/2019,56.62972123
14/01/2019,57.76423482
15/01/2019,56.98525317
16/01/2019,57.02471237
17/01/2019,58.6789964
18/01/2019,58.47175411
19/01/2019,57.22321816
20/01/2019,58.01110433
21/01/2019,56.29372743
22/01/2019,56.94715132
23/01/2019,55.86962534
24/01/2019,57.04178284
25/01/2019,58.77735536
26/01/2019,56.36752177
27/01/2019,57.56569928
28/01/2019,57.76370278
29/01/2019,56.96701663
30/01/2019,57.72217789
31/01/2019,55.96018637
01/02/2019,56.23322281
02/02/2019,58.48368969
03/02/2019,58.6434903
04/02/2019,56.47874946
05/02/2019,57.27803506
06/02/2019,56.17467669
07/02/2019,58.5597035
08/02/2019,56.64823077
09/02/2019,57.18184317
10/02/2019,59.20254838
11/02/2019,57.51283604
12/02/2019,56.64623952
13/02/2019,57.68434157
14/02/2019,57.65073018
15/02/2019,58.09732995
16/02/2019,56.68428135
17/02/2019,58.37934969
18/02/2019,58.67163428
19/02/2019,57.9555797
20/02/2019,57.33514101
21/02/2019,56.18518873
22/02/2019,57.28323434
23/02/2019,59.20208397
24/02/2019,55.79750225
25/02/2019,58.62733706
26/02/2019,56.90096899
27/02/2019,57.16074236
28/02/2019,57.16621308
01/03/2019,58.7341963
02/03/2019,58.2855994
03/03/2019,58.35081824
04/03/2019,57.27206992
05/03/2019,58.51774709
06/03/2019,56.57235683
07/03/2019,58.61162762
08/03/2019,58.98088771
09/03/2019,57.89881805
10/03/2019,57.39137656
11/03/2019,57.05594014
12/03/2019,59.15838412
13/03/2019,57.93810725
14/03/2019,55.99005659
15/03/2019,57.98563281
16/03/2019,57.74171573
17/03/2019,56.83042893
18/03/2019,59.89633746
19/03/2019,59.1296243
20/03/2019,58.42367087
21/03/2019,58.24862226
22/03/2019,56.50437042
23/03/2019,59.40043586
24/03/2019,58.21078187
25/03/2019,57.78171607
26/03/2019,57.83453673
27/03/2019,58.72028994
28/03/2019,59.36765191
29/03/2019,57.55603538
30/03/2019,56.32803221
31/03/2019,58.65963818
01/04/2019,56.62746109
02/04/2019,57.17871761
03/04/2019,59.36902272
04/04/2019,56.20133695
05/04/2019,58.36669606
06/04/2019,59.15427759
07/04/2019,57.8330487
08/04/2019,55.86551511
09/04/2019,58.53327927
10/04/2019,57.42660806
11/04/2019,57.9280676
12/04/2019,57.22567149
13/04/2019,58.84644402
14/04/2019,58.10974673
15/04/2019,59.02641379
16/04/2019,58.74594297
17/04/2019,58.42798043
18/04/2019,57.5362917
19/04/2019,58.62501182
20/04/2019,57.60074779
21/04/2019,60.1018258
22/04/2019,57.91790977
23/04/2019,58.70586651
24/04/2019,56.85801517
25/04/2019,57.85074122
26/04/2019,58.35534709
27/04/2019,58.92441084
28/04/2019,57.96758921
29/04/2019,60.61725305
30/04/2019,58.1223548
01/05/2019,59.50620505
02/05/2019,58.19514454
03/05/2019,56.04143788
04/05/2019,56.8525819
05/05/2019,58.5879793
06/05/2019,56.6366731
07/05/2019,57.71509096
08/05/2019,58.35197085
09/05/2019,59.22383167
10/05/2019,56.49761262
11/05/2019,57.50720543
12/05/2019,58.52939617
13/05/2019,58.56470684
14/05/2019,58.87412494
15/05/2019,59.35446978
16/05/2019,58.71011839
17/05/2019,60.74326696
18/05/2019,56.58030996
19/05/2019,58.29234717
20/05/2019,58.19954943
21/05/2019,58.27265847
22/05/2019,57.75799742
23/05/2019,57.22641502
24/05/2019,58.12494745
25/05/2019,58.13708975
26/05/2019,56.52276945
27/05/2019,56.46466159
28/05/2019,58.99954219
29/05/2019,58.16545544
30/05/2019,57.81167024
31/05/2019,59.88699695
01/06/2019,58.33573179
02/06/2019,56.64954394
03/06/2019,56.90497911
04/06/2019,58.67718677
05/06/2019,58.80840825
06/06/2019,58.94640364
07/06/2019,58.98841818
08/06/2019,58.30455266
09/06/2019,57.94682747
10/06/2019,58.57402765
11/06/2019,59.73570843
12/06/2019,57.33320464
13/06/2019,59.21475749
14/06/2019,58.33612855
15/06/2019,58.89065816
16/06/2019,60.42291037
17/06/2019,59.15114556
18/06/2019,58.88528885
19/06/2019,58.9961672
20/06/2019,60.34533279
21/06/2019,60.36068411
22/06/2019,59.34822648
23/06/2019,60.62659463
24/06/2019,58.75919107
25/06/2019,56.44104818
26/06/2019,60.16879409
28/06/2019,57.47743349
29/06/2019,58.791788
30/06/2019,59.95397301
01/07/2019,59.09447166
02/07/2019,59.81044514
04/07/2019,60.97011413
05/07/2019,57.05286894
06/07/2019,57.57924303
07/07/2019,58.30334498
08/07/2019,58.49130319
09/07/2019,59.790395
10/07/2019,59.87847093
12/07/2019,59.08551854
13/07/2019,58.6123223
14/07/2019,58.40599146
15/07/2019,58.45406816
16/07/2019,57.39611986
17/07/2019,58.89091107
18/07/2019,59.36509374
19/07/2019,58.5441672
20/07/2019,57.71641402
21/07/2019,58.47730296
22/07/2019,58.85937348
23/07/2019,61.55208366
24/07/2019,59.0958718
25/07/2019,58.22698304
26/07/2019,57.77578082
27/07/2019,59.66016663
28/07/2019,57.58755693
29/07/2019,60.17843287
30/07/2019,60.0149369
31/07/2019,60.67750732
01/08/2019,58.29026536
02/08/2019,61.33300908
03/08/2019,60.31975794
04/08/2019,61.61097693
05/08/2019,57.32613355
06/08/2019,59.24610884
07/08/2019,59.43094449
08/08/2019,60.34890492
09/08/2019,60.1694733
10/08/2019,59.33213816
11/08/2019,60.23890509
12/08/2019,59.33112729
13/08/2019,59.23307021
14/08/2019,59.7223235
15/08/2019,58.44289859
16/08/2019,58.28380698
19/08/2019,60.70509502
20/08/2019,58.45143839
21/08/2019,60.07223066
22/08/2019,56.96742807
23/08/2019,58.97014831
24/08/2019,60.81437827
25/08/2019,60.33084394
26/08/2019,57.88941113
27/08/2019,58.22812051
28/08/2019,58.86514903
29/08/2019,58.48555
30/08/2019,59.39967944
31/08/2019,57.80375607
01/09/2019,60.871186
02/09/2019,58.4085112
03/09/2019,58.6756825
04/09/2019,58.42262136
05/09/2019,59.72700639
06/09/2019,60.8294346
07/09/2019,59.59186538
08/09/2019,60.1661221
09/09/2019,58.90551044
10/09/2019,57.98384597
11/09/2019,59.68756181
12/09/2019,59.22430155
13/09/2019,59.09952954
14/09/2019,60.25687037
15/09/2019,59.69758147
16/09/2019,59.52275111
17/09/2019,59.70483826
18/09/2019,60.12497104
19/09/2019,59.72330376
20/09/2019,59.9689727
21/09/2019,60.0795775
22/09/2019,59.93205428
23/09/2019,59.35571874
24/09/2019,59.99086672
25/09/2019,61.45287655
26/09/2019,60.04137748
27/09/2019,58.40658377
28/09/2019,59.27831695
29/09/2019,60.68980362
30/09/2019,60.90734956
01/10/2019,59.07072782
02/10/2019,58.72685947
03/10/2019,60.53136515
04/10/2019,61.3504584
05/10/2019,59.44212984
06/10/2019,60.33770319
07/10/2019,59.87536873
08/10/2019,59.2295108
09/10/2019,60.2361344
10/10/2019,59.82166417
11/10/2019,58.6751477
12/10/2019,61.15821823
13/10/2019,58.40703379
14/10/2019,60.52581967
15/10/2019,59.20039176
16/10/2019,59.83958906
17/10/2019,60.79632931
18/10/2019,61.30858358
19/10/2019,58.92196739
20/10/2019,59.3722134
21/10/2019,61.3951907
22/10/2019,58.13405785
23/10/2019,61.32762541
24/10/2019,60.11573748
25/10/2019,60.60377412
26/10/2019,60.50042395
27/10/2019,58.74921253
28/10/2019,59.64387559
29/10/2019,62.13257482
30/10/2019,59.28937817
31/10/2019,61.42576329
01/11/2019,61.27902519
02/11/2019,59.55907499
03/11/2019,60.86500141
04/11/2019,60.97064881
05/11/2019,58.85603137
06/11/2019,60.25698438
07/11/2019,61.57999107
08/11/2019,59.06859082
09/11/2019,59.90890366
10/11/2019,60.41600045
11/11/2019,59.80552256
12/11/2019,60.82571676
13/11/2019,61.16842378
14/11/2019,61.51005002
15/11/2019,60.27007103
16/11/2019,60.66428031
17/11/2019,58.68996459
18/11/2019,60.03812838
19/11/2019,59.00224453
20/11/2019,61.04370031
21/11/2019,60.35275458
22/11/2019,59.65147109
24/11/2019,61.28197822
25/11/2019,61.05204438
26/11/2019,60.42133219
27/11/2019,60.36309106
28/11/2019,59.06998912
30/11/2019,58.56070309
01/12/2019,59.52067967
02/12/2019,62.57425974
03/12/2019,60.75157563
04/12/2019,59.52477235
05/12/2019,60.90261677
06/12/2019,61.44341419
07/12/2019,60.6721009
08/12/2019,59.00214106
09/12/2019,60.15743227
10/12/2019,62.44314896
11/12/2019,59.70334973
12/12/2019,60.41702605
13/12/2019,59.74688108
14/12/2019,58.82127181
15/12/2019,61.32851003
16/12/2019,62.17200926
17/12/2019,60.18333537
18/12/2019,60.71202444
19/12/2019,59.98732619
20/12/2019,59.92803782
21/12/2019,60.57056862
23/12/2019,61.94022109
24/12/2019,59.90024117
25/12/2019,60.2632835
26/12/2019,61.46871453
27/12/2019,59.96712901
28/12/2019,60.41777334
29/12/2019,59.90839407
30/12/2019,61.27202405
31/12/2019,60.66750092
02/01/2020,62.45090227
03/01/2020,60.64791468
04/01/2020,62.0994883
05/01/2020,61.1837706
06/01/2020,60.59691973
07/01/2020,61.38001755
08/01/2020,60.78820276
09/01/2020,60.3372479
10/01/2020,60.51990362
11/01/2020,60.7906995
12/01/2020,61.58305746
13/01/2020,61.52093594
14/01/2020,60.39904032
15/01/2020,62.08676077
16/01/2020,59.83947255
17/01/2020,61.17505343
18/01/2020,61.81895008
19/01/2020,62.2771069
20/01/2020,62.52757769
21/01/2020,60.64113023
22/01/2020,60.11047493
23/01/2020,60.68606522
24/01/2020,60.97737812
25/01/2020,60.12417254
26/01/2020,60.52548918
27/01/2020,58.66688718
28/01/2020,62.04216664
29/01/2020,62.64180735
30/01/2020,59.40627038
31/01/2020,61.47059427
01/02/2020,59.23890397
02/02/2020,63.1745883
03/02/2020,60.62931639
04/02/2020,61.70974896
05/02/2020,61.1318643
06/02/2020,62.58573918
07/02/2020,61.07169082
08/02/2020,58.98131108
09/02/2020,61.62269211
10/02/2020,62.10013616
11/02/2020,59.79164137
12/02/2020,62.49307224
13/02/2020,61.07922709
14/02/2020,58.93818453
15/02/2020,61.14116051
16/02/2020,60.42686013
17/02/2020,62.20757099
18/02/2020,61.74265244
19/02/2020,60.98027059
20/02/2020,61.63817348
21/02/2020,60.97131166
22/02/2020,62.8423859
23/02/2020,60.63758931
24/02/2020,63.69491135
25/02/2020,63.31868488
26/02/2020,61.1610326
27/02/2020,60.67780942
29/02/2020,60.69196268
01/03/2020,60.16095108
02/03/2020,61.28329694
03/03/2020,60.6297665
04/03/2020,60.1456698
05/03/2020,63.80877423
06/03/2020,59.67197253
07/03/2020,60.50855378
08/03/2020,61.57286205
09/03/2020,61.58800524
10/03/2020,60.20836958
11/03/2020,60.48557875
12/03/2020,60.68406439
13/03/2020,60.9111158
14/03/2020,60.34256144
15/03/2020,61.21028413
16/03/2020,60.27295215
17/03/2020,62.70273848
18/03/2020,61.61375565
19/03/2020,61.4686797
20/03/2020,62.1583073
21/03/2020,61.01012201
22/03/2020,60.2151169
23/03/2020,63.10274109
24/03/2020,60.6081258
25/03/2020,61.81920114
26/03/2020,62.38150302
27/03/2020,61.75533075
28/03/2020,61.90698177
29/03/2020,61.58513447
30/03/2020,61.55414323
31/03/2020,63.31096397
01/04/2020,62.65797661
02/04/2020,61.36416791
03/04/2020,60.88202519
04/04/2020,63.21328764
05/04/2020,63.74623513
06/04/2020,60.94147188
07/04/2020,61.4429817
08/04/2020,61.27655725
09/04/2020,60.58102347
10/04/2020,62.43631114
11/04/2020,60.43133046
12/04/2020,59.83275003
13/04/2020,60.68840724
14/04/2020,62.67354283
15/04/2020,60.26875328
16/04/2020,61.09899727
17/04/2020,60.03368487
18/04/2020,61.29089106
19/04/2020,63.04392695
20/04/2020,62.98872288
21/04/2020,61.15238161
22/04/2020,64.02759989
23/04/2020,60.33615502
24/04/2020,62.27158564
25/04/2020,62.35970554
26/04/2020,60.49968002
27/04/2020,62.54378065
28/04/2020,62.33409083
29/04/2020,60.7928252
30/04/2020,62.22471911
01/05/2020,63.08038506
02/05/2020,64.04428685
03/05/2020,63.95137776
04/05/2020,62.51816036
05/05/2020,61.95789709
06/05/2020,61.47588587
07/05/2020,60.85349521
08/05/2020,61.7497925
09/05/2020,61.54137442
10/05/2020,61.7522958
11/05/2020,60.86843154
12/05/2020,62.83722454
15/05/2020,59.34952567
16/05/2020,61.95232013
17/05/2020,63.61530455
18/05/2020,63.25468784
19/05/2020,63.25172228
20/05/2020,62.18370657
21/05/2020,63.31818206
22/05/2020,61.65477809
23/05/2020,61.26638011
24/05/2020,61.83458016
25/05/2020,61.6229191
26/05/2020,62.02345875
27/05/2020,62.51949924
28/05/2020,62.03945095
29/05/2020,61.04660951
30/05/2020,62.22925722
31/05/2020,63.17007336
01/06/2020,60.69520887
02/06/2020,62.13729399
03/06/2020,62.50474244
04/06/2020,62.19417216
05/06/2020,60.80013875
06/06/2020,63.81484857
07/06/2020,62.13538005
08/06/2020,62.66099975
09/06/2020,61.39512199
10/06/2020,61.918754
11/06/2020,64.70569296
12/06/2020,63.42774481
13/06/2020,61.30681638
14/06/2020,60.77326802
17/06/2020,59.14669212
18/06/2020,62.44473899
19/06/2020,63.81986234
20/06/2020,62.19216744
21/06/2020,62.06379164
22/06/2020,63.98218271
23/06/2020,60.98691868
24/06/2020,63.18369018
25/06/2020,64.67872649
26/06/2020,62.24692798
27/06/2020,61.754121
28/06/2020,61.37148354
29/06/2020,62.44281594
30/06/2020,62.2222116
01/07/2020,63.53365583
02/07/2020,64.30135264
03/07/2020,63.11052744
04/07/2020,63.15317079
05/07/2020,61.84399969
06/07/2020,62.51540827
07/07/2020,61.41427441
08/07/2020,61.98445867
09/07/2020,63.49067494
10/07/2020,61.43619867
11/07/2020,62.60369743
12/07/2020,62.72362304
13/07/2020,63.37524889
14/07/2020,62.12558981
15/07/2020,62.59009995
16/07/2020,62.8688529
17/07/2020,63.26599026
18/07/2020,61.7982465
19/07/2020,63.17696665
20/07/2020,64.18017368
21/07/2020,62.4893641
22/07/2020,61.5646468
23/07/2020,64.56497627
24/07/2020,62.50627069
25/07/2020,62.9465391
26/07/2020,62.93892447
27/07/2020,62.75921399
28/07/2020,62.45983096
29/07/2020,62.97917746
30/07/2020,61.24027888
31/07/2020,62.52755039
01/08/2020,62.43863647
02/08/2020,62.75887537
03/08/2020,63.1572176
04/08/2020,62.03824113
05/08/2020,64.20684813
06/08/2020,63.16494595
07/08/2020,62.39514532
08/08/2020,62.62467454
09/08/2020,63.08824755
10/08/2020,63.45862507
11/08/2020,62.92567736
12/08/2020,62.35119014
13/08/2020,63.65578864
14/08/2020,64.04151179
15/08/2020,61.64787221
16/08/2020,64.44430624
17/08/2020,63.43111416
18/08/2020,63.30911789
19/08/2020,62.58644392
20/08/2020,62.60575559
21/08/2020,64.34680237
22/08/2020,63.83015768
23/08/2020,62.74015782
24/08/2020,63.82093503
25/08/2020,64.2238656
26/08/2020,64.75237116
27/08/2020,64.21676795
28/08/2020,62.50740989
29/08/2020,62.15760392
30/08/2020,65.12510953
31/08/2020,61.28841355
01/09/2020,62.7861278
02/09/2020,63.89098553
03/09/2020,62.61712624
04/09/2020,64.28148858
05/09/2020,63.99710953
06/09/2020,62.07580295
07/09/2020,62.75388784
08/09/2020,62.80056165
09/09/2020,62.19269475
10/09/2020,65.7138897
11/09/2020,63.44466524
12/09/2020,63.81662877
13/09/2020,63.82421285
14/09/2020,62.57957225
15/09/2020,62.84519368
16/09/2020,62.85111245
17/09/2020,62.71265921
18/09/2020,63.2669747
19/09/2020,64.30177237
20/09/2020,63.64610143
21/09/2020,63.8854308
22/09/2020,62.06138377
23/09/2020,64.15116946
25/09/2020,65.20969376
26/09/2020,61.62402052
27/09/2020,64.22138357
28/09/2020,63.55247971
29/09/2020,61.25278037
30/09/2020,62.85092722
01/10/2020,64.25437943
02/10/2020,64.5616409
03/10/2020,63.75548983
04/10/2020,64.59829786
05/10/2020,63.26729152
06/10/2020,63.50812455
07/10/2020,64.83235349
08/10/2020,63.93615909
09/10/2020,61.66846744
10/10/2020,64.86451108
11/10/2020,63.58883609
12/10/2020,62.67413652
13/10/2020,64.30968143
14/10/2020,65.3544892
15/10/2020,64.32339752
16/10/2020,63.71388482
17/10/2020,64.61716953
18/10/2020,62.01530879
19/10/2020,62.2491908
20/10/2020,65.90286652
21/10/2020,64.35470496
22/10/2020,64.08582336
28/10/2020,65.89768633
29/10/2020,65.39742583
30/10/2020,64.02798785
31/10/2020,62.38358841
01/11/2020,64.14533533
02/11/2020,64.17925567
03/11/2020,64.46822811
04/11/2020,64.03728339
05/11/2020,63.5561616
06/11/2020,64.45208792
07/11/2020,66.3543981
08/11/2020,66.08681432
09/11/2020,64.57630422
10/11/2020,63.19484435
11/11/2020,65.18604435
12/11/2020,63.56573219
13/11/2020,63.21241022
14/11/2020,63.85735674
15/11/2020,62.13281594
16/11/2020,61.95588339
17/11/2020,63.7970905
18/11/2020,65.50794737
19/11/2020,63.85992354
21/11/2020,63.6025059
22/11/2020,64.07602635
23/11/2020,64.08489358
25/11/2020,63.67349143
27/11/2020,65.07369585
28/11/2020,62.9795147
29/11/2020,62.84521886
30/11/2020,63.51418801
01/12/2020,64.63548898
02/12/2020,66.97854483
03/12/2020,64.67604199
04/12/2020,63.57989133
05/12/2020,65.12217046
06/12/2020,63.98087911
10/12/2020,64.35271367
11/12/2020,64.78271495
12/12/2020,64.63810561
13/12/2020,64.73002144
14/12/2020,63.52862515
15/12/2020,67.020058
16/12/2020,65.23654989
17/12/2020,64.25682721
18/12/2020,63.36189162
19/12/2020,63.36374784
20/12/2020,65.08664796
21/12/2020,65.47045865
22/12/2020,65.35028315
24/12/2020,63.81062933
25/12/2020,64.72018481
26/12/2020,64.09512484
28/12/2020,66.09532968
29/12/2020,62.82234569
30/12/2020,64.42909833
31/12/2020,64.13607728
04/01/2021,65.89477987
05/01/2021,65.09313972
06/01/2021,63.95919728
08/01/2021,65.31838259
09/01/2021,63.49900998
10/01/2021,64.90972686
11/01/2021,64.07032961
12/01/2021,64.2043321
13/01/2021,64.76439918
15/01/2021,64.49412156
16/01/2021,63.6855629
17/01/2021,64.96187122
18/01/2021,63.49972059
19/01/2021,64.16074785
20/01/2021,66.32259707
21/01/2021,64.75446945
22/01/2021,65.11038107
23/01/2021,65.03320249
25/01/2021,65.58527802
26/01/2021,64.61943598
27/01/2021,65.29529129
29/01/2021,63.14970359
30/01/2021,65.07133409
31/01/2021,65.8373065
01/02/2021,64.10258873
02/02/2021,65.38436279
03/02/2021,64.29784266
04/02/2021,65.14569892
05/02/2021,64.4578387
06/02/2021,64.13220367
07/02/2021,64.63632238
08/02/2021,64.07293596
09/02/2021,65.44486802
10/02/2021,66.13343416
11/02/2021,64.89375996
12/02/2021,65.8734701
13/02/2021,65.80426125
14/02/2021,64.09787038
15/02/2021,67.47309985
16/02/2021,65.54568506
17/02/2021,65.90419937
18/02/2021,64.56810547
19/02/2021,65.47344481
20/02/2021,64.33463068
21/02/2021,66.35042957
22/02/2021,63.72099584
24/02/2021,65.52355274
25/02/2021,64.6660298
26/02/2021,64.40691211
27/02/2021,64.44526624
28/02/2021,63.89139084
01/03/2021,65.64679505
02/03/2021,64.3976709
05/03/2021,63.03168231
06/03/2021,64.13169012
07/03/2021,62.85365043
08/03/2021,64.24458937
09/03/2021,65.7328661
10/03/2021,65.87477193
11/03/2021,67.22522602
12/03/2021,65.46713787
13/03/2021,65.96240919
14/03/2021,66.37010982
15/03/2021,64.56276187
16/03/2021,66.42279021
17/03/2021,65.65047604
18/03/2021,65.39836524
19/03/2021,65.05981548
20/03/2021,65.46376276
21/03/2021,65.44321924
22/03/2021,65.86638443
23/03/2021,65.07783912
24/03/2021,67.45042686
25/03/2021,64.96961836
26/03/2021,66.36271911
30/03/2021,61.8673227
31/03/2021,66.41819693
01/04/2021,65.98671167
02/04/2021,64.73185888
03/04/2021,65.91523533
04/04/2021,65.517629
05/04/2021,65.13268725
06/04/2021,64.72319858
07/04/2021,65.5700998
08/04/2021,65.14274083
09/04/2021,66.19967556
10/04/2021,64.6805803
11/04/2021,65.86106433
12/04/2021,64.82754438
13/04/2021,64.9794181
14/04/2021,65.1272037
15/04/2021,65.78114914
16/04/2021,64.77495599
17/04/2021,65.51769398
18/04/2021,65.7154773
19/04/2021,65.20816111
20/04/2021,66.17527284
22/04/2021,66.65493279
23/04/2021,65.4828666
24/04/2021,66.94554782
25/04/2021,65.33055019
26/04/2021,66.24563496
27/04/2021,66.11594433
28/04/2021,64.76823414
29/04/2021,65.52866851
30/04/2021,64.63500066
01/05/2021,67.26576884
02/05/2021,64.12998228
03/05/2021,65.65894635
04/05/2021,64.83844829
05/05/2021,65.8872436
06/05/2021,65.10004286
07/05/2021,65.93288958
08/05/2021,64.54544567
09/05/2021,65.76730691
10/05/2021,64.49819059
11/05/2021,65.00809279
12/05/2021,65.5648246
13/05/2021,65.11743402
14/05/2021,64.48803811
15/05/2021,64.51540623
16/05/2021,66.59909023
17/05/2021,66.71555809
18/05/2021,65.52703489
19/05/2021,66.77552056
20/05/2021,64.92800637
21/05/2021,64.51706702
22/05/2021,64.65461752
23/05/2021,67.04030139
24/05/2021,66.18726535
25/05/2021,65.25831033
26/05/2021,66.48774701
27/05/2021,64.2889181
28/05/2021,66.05877584
29/05/2021,65.95319587
30/05/2021,64.81884334
31/05/2021,66.55293093
02/06/2021,65.11786892
03/06/2021,64.4473346
04/06/2021,65.38934607
05/06/2021,67.51796107
06/06/2021,64.61141964
07/06/2021,66.06349757
08/06/2021,66.44831205
09/06/2021,67.03238922
12/06/2021,64.95838175
13/06/2021,65.5139379
14/06/2021,66.86548562
16/06/2021,66.47938802
17/06/2021,67.33435389
18/06/2021,66.07438738
19/06/2021,64.78207021
20/06/2021,65.78176993
21/06/2021,67.14419558
22/06/2021,66.87435194
23/06/2021,65.69672958
24/06/2021,65.14212588
25/06/2021,64.75381567
26/06/2021,63.52192394
27/06/2021,68.74216037
28/06/2021,65.84054877
29/06/2021,65.25331946
30/06/2021,65.39350597
01/07/2021,66.69081745
02/07/2021,66.21038217
03/07/2021,66.45656152
04/07/2021,65.64533426
05/07/2021,65.42526585
06/07/2021,66.92005916
07/07/2021,66.92747581
08/07/2021,66.19445364
09/07/2021,65.92298954
10/07/2021,67.21642239
11/07/2021,68.05527822
12/07/2021,65.50284192
13/07/2021,65.60652728
14/07/2021,64.43902578
15/07/2021,65.82333131
16/07/2021,65.12702601
17/07/2021,67.08863448
18/07/2021,67.18111283
19/07/2021,65.286238
20/07/2021,65.5072569
21/07/2021,67.58709825
22/07/2021,68.40066063
23/07/2021,66.9573065
24/07/2021,66.89521186
25/07/2021,65.76171132
26/07/2021,66.51322043
27/07/2021,66.14743283
28/07/2021,67.13552792
29/07/2021,67.00753802
30/07/2021,67.076039
31/07/2021,67.01994656
01/08/2021,64.32597415
02/08/2021,67.41451233
03/08/2021,67.35558731
04/08/2021,67.14095276
05/08/2021,66.90783261
06/08/2021,64.56693152
07/08/2021,66.25407117
08/08/2021,65.7528469
09/08/2021,67.35035184
12/08/2021,69.00119349
14/08/2021,65.73833019
15/08/2021,66.31957824
16/08/2021,68.69882682
17/08/2021,67.49908395
18/08/2021,67.00465048
20/08/2021,68.87732332
21/08/2021,67.07026145
22/08/2021,65.23373231
23/08/2021,68.74885339
24/08/2021,68.68078815
25/08/2021,67.8868541
26/08/2021,66.45826237
27/08/2021,66.1738156
28/08/2021,65.61618273
29/08/2021,66.92132438
30/08/2021,67.13843562
01/09/2021,66.43221283
02/09/2021,67.94021484
04/09/2021,66.68399775
06/09/2021,66.28006001
07/09/2021,67.70393695
08/09/2021,66.91072027
09/09/2021,66.1672604
11/09/2021,67.03126325
12/09/2021,66.36965785
13/09/2021,66.56708332
14/09/2021,68.10502823
15/09/2021,66.55694692
16/09/2021,66.61748974
17/09/2021,66.91740971
18/09/2021,67.96819246
19/09/2021,65.95832967
20/09/2021,66.98680029
21/09/2021,67.83904811
22/09/2021,68.196873
23/09/2021,67.43668246
24/09/2021,66.10282216
25/09/2021,68.43625175
26/09/2021,66.61908939
27/09/2021,67.34441589
28/09/2021,67.92049508
29/09/2021,66.06453144
30/09/2021,66.77400329
01/10/2021,67.32438884
02/10/2021,68.941909
03/10/2021,67.75086712
04/10/2021,66.39635173
05/10/2021,66.17889972
06/10/2021,68.58559267
07/10/2021,68.70699412
08/10/2021,66.8532963
09/10/2021,67.23087917
10/10/2021,66.89325232
11/10/2021,67.06966063
12/10/2021,66.47455787
14/10/2021,66.04658063
15/10/2021,67.28688147
16/10/2021,67.39479471
17/10/2021,66.64584911
18/10/2021,66.55876654
19/10/2021,66.91707673
20/10/2021,68.7613236
21/10/2021,68.20939975
22/10/2021,68.82995582
23/10/2021,66.89921017
24/10/2021,69.07371431
25/10/2021,67.56230484
26/10/2021,66.67761516
27/10/2021,67.09101936
28/10/2021,65.87069132
29/10/2021,68.54066579
30/10/2021,67.91695674
31/10/2021,67.48995327
01/11/2021,66.8272361
02/11/2021,68.93534538
03/11/2021,67.12173623
04/11/2021,66.69840461
05/11/2021,68.29848269
06/11/2021,68.05890634
07/11/2021,67.4171735
08/11/2021,69.22825584
09/11/2021,67.52753211
10/11/2021,68.46382712
11/11/2021,68.14982086
12/11/2021,67.81033872
13/11/2021,67.07080096
14/11/2021,67.65828868
15/11/2021,66.12518178
16/11/2021,68.34388082
17/11/2021,66.06385775
18/11/2021,68.3553962
21/11/2021,69.44418807
22/11/2021,65.5214513
23/11/2021,68.2491988
24/11/2021,66.5447417
26/11/2021,65.81958243
27/11/2021,67.04736274
28/11/2021,66.64568875
29/11/2021,68.1614564
30/11/2021,67.54041274
01/12/2021,66.39930695
02/12/2021,65.82289342
05/12/2021,67.1606307
06/12/2021,68.37323017
07/12/2021,65.88268599
08/12/2021,66.0412875
09/12/2021,67.56615714
10/12/2021,67.69312896
11/12/2021,69.2339282
12/12/2021,67.90099635
13/12/2021,67.19598255
14/12/2021,67.1346075
15/12/2021,66.46941922
16/12/2021,67.86612039
17/12/2021,68.5713151
18/12/2021,68.01462138
19/12/2021,65.9639777
20/12/2021,69.26909386
21/12/2021,68.94471756
22/12/2021,68.52524159
23/12/2021,67.84757823
24/12/2021,67.71465467
25/12/2021,67.7719742
26/12/2021,67.80700987
27/12/2021,68.03352171
28/12/2021,66.02582024
29/12/2021,69.23809555
30/12/2021,68.18546558
31/12/2021,68.38945723
10/01/2022,69.37125771
11/01/2022,68.52066258
12/01/2022,67.84724963
13/01/2022,67.84323571
15/01/2022,70.68075825
16/01/2022,69.02797574
17/01/2022,68.40998973
18/01/2022,68.29960768
19/01/2022,67.07818017
21/01/2022,70.32165417
22/01/2022,68.67141755
23/01/2022,69.56959224
24/01/2022,69.32911885
26/01/2022,69.12600864
27/01/2022,69.99672691
28/01/2022,69.32299078
29/01/2022,68.77941591
30/01/2022,68.70257496
31/01/2022,67.69317972
02/02/2022,66.8050746
03/02/2022,68.7204858
04/02/2022,68.84917451
06/02/2022,70.77863519
07/02/2022,69.3521032
08/02/2022,69.99482026
09/02/2022,67.75194146
10/02/2022,68.14696663
12/02/2022,68.07514729
13/02/2022,69.15119007
14/02/2022,67.24775812
15/02/2022,68.79232249
16/02/2022,66.9479519
17/02/2022,69.70157322
18/02/2022,69.25073281
19/02/2022,69.95168528
20/02/2022,67.34307386
21/02/2022,68.51350666
24/02/2022,70.16956172
25/02/2022,69.79313931
26/02/2022,69.43902538
27/02/2022,68.35616191
28/02/2022,68.0099419
01/03/2022,66.62008559
03/03/2022,70.47598517
04/03/2022,67.86054869
05/03/2022,68.29591717
06/03/2022,68.46670914
08/03/2022,68.30869595
10/03/2022,66.49582618
11/03/2022,67.09933953
12/03/2022,67.33925547
13/03/2022,68.90057417
14/03/2022,68.96737435
15/03/2022,69.82751891
16/03/2022,68.76774932
17/03/2022,69.66747212
18/03/2022,68.40800232
19/03/2022,69.1719611
20/03/2022,68.54667433
21/03/2022,68.50007384
22/03/2022,67.24241143
23/03/2022,68.38241265
24/03/2022,68.00729803
25/03/2022,70.84574935
26/03/2022,69.08523665
27/03/2022,68.74945653
28/03/2022,68.72493607
29/03/2022,70.58053385
30/03/2022,67.89208923
31/03/2022,69.00801704
01/04/2022,69.28365988
02/04/2022,68.39418153
03/04/2022,67.63512713
04/04/2022,69.09563026
05/04/2022,68.44212704
06/04/2022,68.33883699
07/04/2022,68.75473244
08/04/2022,68.75440617
09/04/2022,68.1028614
10/04/2022,69.22433547
11/04/2022,69.16050847
12/04/2022,68.44266998
13/04/2022,71.01494894
14/04/2022,69.5600564
15/04/2022,70.13119509
16/04/2022,69.93449085
17/04/2022,69.16673123
18/04/2022,70.58649069
19/04/2022,69.9027347
20/04/2022,69.27934522
21/04/2022,68.48803609
22/04/2022,68.4780512
23/04/2022,70.88592654
24/04/2022,68.24925854
26/04/2022,70.70840517
28/04/2022,70.19160477
29/04/2022,66.4841116
30/04/2022,68.97247375
01/05/2022,69.05379232
02/05/2022,68.54286642
04/05/2022,68.38754191
13/05/2022,69.99089045
14/05/2022,70.43394333
15/05/2022,69.89139169
16/05/2022,68.92715243
17/05/2022,69.09787069
18/05/2022,70.26678742
19/05/2022,70.08756061
20/05/2022,67.59616603
21/05/2022,69.57743987
22/05/2022,70.12050761
24/05/2022,69.75335863
25/05/2022,69.10482581
30/05/2022,75.60370582
31/05/2022,69.2339981
01/06/2022,67.46453701
02/06/2022,67.32173683
04/06/2022,66.79808342
05/06/2022,68.87969363
06/06/2022,68.40038181
08/06/2022,71.37238139
09/06/2022,70.87653598
12/06/2022,67.52759008
13/06/2022,69.70931095
15/06/2022,70.87259601
16/06/2022,69.14515868
19/06/2022,65.78745067
22/06/2022,67.99054417
23/06/2022,70.29069414
24/06/2022,70.17433886
25/06/2022,68.48911811
26/06/2022,69.06438309
29/06/2022,71.37312065
03/07/2022,66.14429382
04/07/2022,71.53931044
05/07/2022,69.42328943
09/07/2022,68.13994797
10/07/2022,68.2417063
11/07/2022,70.09703362
14/07/2022,71.8147963
15/07/2022,69.71130315
16/07/2022,71.97796711
18/07/2022,69.85665701
19/07/2022,72.35362528
20/07/2022,69.50026752
21/07/2022,71.76536049
22/07/2022,71.87388587
23/07/2022,71.25136938
24/07/2022,69.15199192
25/07/2022,70.63174027
26/07/2022,68.08902517
27/07/2022,70.27855538
29/07/2022,70.0944041
30/07/2022,68.9245661
31/07/2022,70.67990315
01/08/2022,69.87737607
02/08/2022,71.28512749
03/08/2022,70.51121786
04/08/2022,70.79220432
05/08/2022,71.2885783
07/08/2022,71.68898253
08/08/2022,71.31384564
09/08/2022,69.58783304
10/08/2022,70.76170191
11/08/2022,70.06782898
12/08/2022,70.43911068
13/08/2022,70.21808538
14/08/2022,70.4509381
15/08/2022,70.6395602
17/08/2022,68.12548349
18/08/2022,69.13819336
19/08/2022,69.4465987
20/08/2022,70.42540112
21/08/2022,69.48713431
23/08/2022,69.491148
26/08/2022,68.96753582
27/08/2022,70.50278253
28/08/2022,69.22906236
29/08/2022,71.73977325
30/08/2022,69.92091727
31/08/2022,69.05592767
01/09/2022,70.52166748
02/09/2022,69.88658437
03/09/2022,71.47676678
04/09/2022,69.15237704
05/09/2022,69.01161705
07/09/2022,72.10166113
08/09/2022,71.19458131
09/09/2022,70.586625
10/09/2022,70.95570819
11/09/2022,70.74402475
12/09/2022,69.25129876
13/09/2022,70.69312388
14/09/2022,70.44608662
17/09/2022,70.61861399
18/09/2022,72.23116082
19/09/2022,71.98459427
20/09/2022,70.45228553
21/09/2022,71.00006881
23/09/2022,70.39028154
24/09/2022,71.52283793
25/09/2022,70.6748457
26/09/2022,71.38294369
27/09/2022,70.32636873
28/09/2022,72.09846147
29/09/2022,71.91144141
30/09/2022,70.85252421
01/10/2022,71.42640732
02/10/2022,70.15437035
03/10/2022,72.78200429
04/10/2022,71.90132004
06/10/2022,68.41073892
07/10/2022,70.41397854
08/10/2022,70.21741243
09/10/2022,70.64143008
10/10/2022,70.43279236
11/10/2022,69.98389876
12/10/2022,68.109399
15/10/2022,70.78038431
16/10/2022,72.08916411
18/10/2022,69.47302536
22/10/2022,68.54874179
23/10/2022,71.08090474
24/10/2022,70.16972028
26/10/2022,70.3543663
